feature,coef_female,coef_male,coef_none,max_abs
bc_toiletries bc,-0.11128180423980216,1.346667108982535,-1.0207523955142408,1.346667108982535
bc_bc toiletries,-0.012976831549089874,1.2383713106348004,-0.993947104297265,1.2383713106348004
bc_toiletries,-0.025393677018539697,1.191252793528537,-0.9189661147118111,1.191252793528537
desc_lynx,-0.5793738557821395,0.9798052376021735,-0.27946415368871846,0.9798052376021735
bc_deodorants,0.24342772509966634,0.4600642022144767,-0.8239682445261965,0.8239682445261965
bc_bc deodorants,0.25007476956972063,0.4515692386084233,-0.8222741273778101,0.8222741273778101
bc_period,0.7407279868142762,-0.4212136265974107,-0.1985471321088096,0.7407279868142762
bc_shaving hair,0.707105807439364,-0.32480640938117605,-0.2614187263153802,0.707105807439364
bc_intimate,0.6936047156159593,-0.274007132036276,-0.29863035546882977,0.6936047156159593
bc_bc period,0.6889851939266984,-0.3929026174117297,-0.175115348405172,0.6889851939266984
feat_color1_lavender,0.38025264043936396,-0.6788792020800412,0.1805201805720656,0.6788792020800412
bc_gel,-0.38298642807699473,0.6771213587546084,-0.1731677025631158,0.6771213587546084
bc_removal,0.6578324048329244,-0.25355234386827225,-0.28678630618146483,0.6578324048329244
bc_hair removal,0.6578324048329244,-0.25355234386827225,-0.28678630618146483,0.6578324048329244
bc_toothpaste,-0.2772567267175708,-0.2417955812003898,0.6384186306410157,0.6384186306410157
feat_color1_black,-0.3173589423919036,0.6256705203224109,-0.18734434979587603,0.6256705203224109
bc_accessories,-0.3362934973424783,-0.15884458095701828,0.6161053064061688,0.6161053064061688
bc_conditioner,-0.22331551464292682,-0.262896719989282,0.6071794627893086,0.6071794627893086
bc_removal bc,0.5918997734377793,-0.26128795882310724,-0.2104556429808305,0.5918997734377793
bc_razors,-0.053244649739976675,0.5879286893294694,-0.43009012229762866,0.5879286893294694
bc_bc razors,-0.053244649739976675,0.5879286893294694,-0.43009012229762866,0.5879286893294694
desc_venus,0.5632780527444116,-0.3765508346632748,-0.07660459341632883,0.5632780527444116
desc_gillette,-0.2779015297656264,0.5394872667753473,-0.1406185088670421,0.5394872667753473
bc_shaving,0.18053841570695583,0.23156498677294998,-0.5297999211401054,0.5297999211401054
bc_blades,-0.03137436135372751,0.522236084933555,-0.40385217025533676,0.522236084933555
bc_products,0.5187673134766221,-0.2996115852635692,-0.10062949324118622,0.5187673134766221
bc_period products,0.5187673134766221,-0.2996115852635692,-0.10062949324118622,0.5187673134766221
bc_body,0.13505443394534528,0.3375489993189211,-0.5177194429834673,0.5177194429834673
bc_bc skincare,-0.3505158280554954,0.5161335165719452,-0.06384787493182512,0.5161335165719452
bc_bc shaving,0.21014602081481012,0.18528688372107127,-0.5150432130153233,0.5150432130153233
desc_face,-0.24515070047020496,0.5129547610912473,-0.14683683243043139,0.5129547610912473
bc_marketplace bc,-0.36510551042616346,-0.016028998423439314,0.5010779302181215,0.5010779302181215
bc_marketplace,-0.36510551042616346,-0.016028998423439314,0.5010779302181215,0.5010779302181215
bc_bc marketplace,-0.36510551042616346,-0.016028998423439314,0.5010779302181215,0.5010779302181215
desc_shave,-0.000884428002078415,0.48913824809327,-0.4137073953570163,0.48913824809327
bc_deodorant,0.03574488050753542,0.3731174597223906,-0.47658446531557536,0.47658446531557536
bc_sprays,0.21622942616159294,0.12475166813350579,-0.4600145182218728,0.4600145182218728
bc_accessories bc,-0.20029078964780261,-0.13432339286647998,0.45314907510676655,0.45314907510676655
desc_deodorant,0.086654349927817,0.29082465661687085,-0.45235018497193574,0.45235018497193574
desc_fragrance,0.10577150230124184,0.273801640586548,-0.44992310523704193,0.44992310523704193
desc_leaks,0.4431106917585902,-0.18533483466698814,-0.13814200339275096,0.4431106917585902
desc_protection,0.42588959526337444,-0.07499690933741766,-0.31407311846098995,0.42588959526337444
bc_intimate care,0.4222550542291469,-0.17436729242158047,-0.12692053364048042,0.4222550542291469
bc_shower,-0.4218165200019477,0.13956415585518855,0.19628010269534918,0.4218165200019477
desc_normal,0.41660697287087484,-0.034247868635764435,-0.2792065222647809,0.41660697287087484
desc_birthday,0.13886252890697456,0.19933538734148634,-0.4081361515469962,0.4081361515469962
bc_shaving bc,-0.21810015030279498,0.40291142383695067,-0.07407208039651418,0.40291142383695067
bc_dine bc,-0.16721501627486673,-0.10892043814982805,0.3971026825924945,0.3971026825924945
bc_cook dine,-0.16721501627486673,-0.10892043814982805,0.3971026825924945,0.3971026825924945
bc_cook,-0.16721501627486673,-0.10892043814982805,0.3971026825924945,0.3971026825924945
bc_dine,-0.16721501627486673,-0.10892043814982805,0.3971026825924945,0.3971026825924945
bc_bc cook,-0.16721501627486673,-0.10892043814982805,0.3971026825924945,0.3971026825924945
bc_body sprays,0.12431417727147114,0.17488445763192215,-0.39336914809964574,0.39336914809964574
bc_deodorants bc,0.16958829759109825,0.11024497037966448,-0.39298182529773845,0.39298182529773845
bc_care,-0.10691989530346047,-0.2655400943249005,0.38771384752478616,0.38771384752478616
bc_products intimate,0.38731192473325404,-0.15692392917185424,-0.11130700853428313,0.38731192473325404
bc_blades bc,-0.18549377920263993,0.38695415700146096,-0.08049314962033555,0.38695415700146096
bc_bc frozen,-0.17842599434309908,-0.08596738940580823,0.3853606119318447,0.3853606119318447
bc_frozen,-0.17842599434309908,-0.08596738940580823,0.3853606119318447,0.3853606119318447
bc_supplements,0.3761071937853773,0.0024493838407242956,-0.2753185504576915,0.3761071937853773
bc_bath,-0.15335973146262805,-0.1390256777796093,0.3751168837425406,0.3751168837425406
desc_skin,0.28636273744841406,-0.01949604801411378,-0.37156560011039996,0.37156560011039996
bc_antiperspirant,0.08609652333321494,0.2021689028583048,-0.36814914200665017,0.36814914200665017
desc_hair,-0.15679708707678647,-0.09237550976093205,0.36577460110527477,0.36577460110527477
bc_perfumes,0.12209317268674139,0.14567059186439407,-0.36567036570969735,0.36567036570969735
bc_bc perfumes,0.12209317268674139,0.14567059186439407,-0.36567036570969735,0.36567036570969735
bc_aftershaves,0.004422611471833469,0.30769466747784563,-0.3655761275058961,0.3655761275058961
bc_care bc,-0.0702743224273662,-0.3051707422080694,0.36308052151067277,0.36308052151067277
bc_gift sets,0.2343392609143087,0.05649803224189305,-0.3625788716049028,0.3625788716049028
bc_sets,0.2536293992799969,0.044835038094962115,-0.36073093225677194,0.36073093225677194
bc_sweets,-0.3035808279304884,0.0035374377031842015,0.35927602195691455,0.35927602195691455
bc_frozen bc,-0.16069124264181173,-0.07400379281146657,0.3556483161235398,0.3556483161235398
desc_iron,0.3555389879026,-0.05354020792288512,-0.21888078323989624,0.3555389879026
bc_health bc,0.3547325741262745,-0.13713297364955995,-0.13913189786770483,0.3547325741262745
bc_bc baby,-0.3073810499106166,0.027483200136413432,0.35230394799194037,0.35230394799194037
bc_grooming,-0.05126995346395522,0.34931950905332426,-0.23451561019044248,0.34931950905332426
bc_skincare bc,-0.25021733541165786,0.3464302701540764,-0.014910800433109533,0.3464302701540764
desc_colour,-0.11660145770807369,-0.12996351948194826,0.34391994225437034,0.34391994225437034
bc_shampoo,-0.12578345937868948,-0.10844022610581593,0.3423303353382498,0.3423303353382498
bc_wellbeing,-0.13583496450647303,-0.18106947620686165,0.33838404881670775,0.33838404881670775
bc_skincare,-0.25853172765796123,0.338091194186883,-0.005650985741474959,0.338091194186883
desc_shower gel,-0.11775080667558088,0.33666975924966713,-0.11166299237834311,0.33666975924966713
desc_pads,0.33593541060429427,-0.08202702747124181,-0.15085644934070266,0.33593541060429427
bc_toys,-0.13852770897527517,-0.08667737907219085,0.33441817791379763,0.33441817791379763
bc_baby,-0.206778944206548,-0.017430100816997265,0.3325928027070427,0.3325928027070427
desc_razor,-0.011499487340202128,0.330929668815575,-0.2509821429011416,0.330929668815575
desc_blade,-0.06311317917258609,0.324239110901195,-0.1741852735013083,0.324239110901195
desc_discreet,0.32387171500417805,-0.11931632656896392,-0.1225803501259129,0.32387171500417805
bc_bc bath,-0.1293088646056875,-0.12426959580852451,0.3207767127382071,0.3207767127382071
desc_blades,0.05299528532048324,0.2514594109861632,-0.31908318620656356,0.31908318620656356
bc_birthday,0.2276535847749282,0.06865082779832457,-0.31409593253766627,0.31409593253766627
bc_birthday cards,0.2276535847749282,0.06865082779832457,-0.31409593253766627,0.31409593253766627
store_2,-0.007871802458249645,-0.255512816930933,0.31409487222477533,0.31409487222477533
bc_bc hair,-0.3134948890055905,0.0913511647550208,0.195405686710525,0.3134948890055905
bc_pet bc,-0.10978720645961826,-0.11727139254588136,0.3118833065548781,0.3118833065548781
desc_printed,0.31086492289695883,-0.14585813412148813,-0.08206807253190015,0.31086492289695883
bc_bc shower,-0.31002600272923364,0.2841619849071863,0.03452514835577534,0.31002600272923364
desc_odour,-0.021056712110206367,0.3100184105857144,-0.29326312413624517,0.3100184105857144
bc_foam,-0.1585409809903136,0.3092896119759415,-0.06308669370368221,0.3092896119759415
bc_deodorants body,0.07518056218292424,0.15448064745752074,-0.30646036778934777,0.30646036778934777
bc_conditioner bc,-0.10711706111979312,-0.09854763763861453,0.30636591506008937,0.30636591506008937
bc_sprays bc,0.08103348174222692,0.14350292683464758,-0.3037602248729102,0.3037602248729102
bc_shower gel,-0.11309857532172243,0.3007534993791961,-0.08680086842351835,0.3007534993791961
bc_bc bladder,0.19052038987093306,0.06325365727689454,-0.30061896283791734,0.30061896283791734
bc_bladder,0.19052038987093306,0.06325365727689454,-0.30061896283791734,0.30061896283791734
bc_bladder weakness,0.19052038987093306,0.06325365727689454,-0.30061896283791734,0.30061896283791734
bc_weakness,0.19052038987093306,0.06325365727689454,-0.30061896283791734,0.30061896283791734
feat_color1_navy,-0.22720399102051234,0.2998865045136019,-0.039066329051999804,0.2998865045136019
desc_body,0.23428812837998084,-0.02719547665123371,-0.2997926950412192,0.2997926950412192
feat_color1_silver,0.2985485179439741,-0.16060903625203596,-0.07973817669109283,0.2985485179439741
desc_gel,-0.11398816936422752,0.29396872847935324,-0.06839689734193115,0.29396872847935324
bc_chocolate,-0.21070821637904752,-0.0074380285667548715,0.2908079706351056,0.2908079706351056
desc_shaving,-0.04136419517203811,0.2875514039312819,-0.17104182269742116,0.2875514039312819
desc_spray,0.12861520983642186,0.08156481957239871,-0.28697540657245507,0.28697540657245507
feat_color1_pink,0.18119035186390178,-0.28434646010700104,0.058837998336801554,0.28434646010700104
desc_fresh,-0.0321351399438929,0.28180692814891717,-0.22614409171926267,0.28180692814891717
desc_flavour,-0.11682819961723648,-0.08828233470408435,0.2758370410248047,0.2758370410248047
bc_bc birthday,0.23950578162557706,0.03322576154857545,-0.2758011163098808,0.2758011163098808
bc_fragrances,0.1262546936480875,0.09873321020478491,-0.2720525987792243,0.2720525987792243
bc_gel body,-0.09606461955732286,0.2681384937234888,-0.07785895263670937,0.2681384937234888
bc_razors blades,0.004420294601415657,0.26432180669124294,-0.2633569344108699,0.26432180669124294
desc_shower,-0.09080877403889612,0.2637429770392277,-0.06943868996885917,0.2637429770392277
bc_wash,-0.10682754146721438,0.26300186515165064,-0.0657821304063614,0.26300186515165064
desc_anti,0.12725987900877442,0.04009363088087733,-0.262432496316596,0.262432496316596
store_0,0.2605538189978744,-0.20739337757564452,0.18892865480567436,0.2605538189978744
desc_test,0.2591492663957613,-0.12358086113420923,-0.09865066189065379,0.2591492663957613
bc_gift,0.10723216954899178,0.08242677550630627,-0.2572406612517925,0.2572406612517925
bc_christmas,-0.252057871251862,0.05299445643591575,0.17557976301637196,0.252057871251862
bc_pet,0.034585372023764376,-0.24818453044126162,0.18975979493485282,0.24818453044126162
bc_bc pet,0.034585372023764376,-0.24818453044126162,0.18975979493485282,0.24818453044126162
desc_br,0.24780877652125347,-0.17634079215306195,-0.17875847798228653,0.24780877652125347
bc_hair,0.10156613814689372,-0.24730437512903491,0.08136020536566066,0.24730437512903491
bc_pads,0.2471937611522323,-0.12119594276253857,-0.04153037709710799,0.2471937611522323
bc_bc chocolate,-0.1972157878041266,0.0036147260434190704,0.24709605312726574,0.24709605312726574
bc_bc deodorant,-0.04225622872444084,0.24477637107031552,-0.16235353968190067,0.24477637107031552
bc_sweets bc,-0.24438441879980605,0.023404814717003918,0.2444757305956239,0.2444757305956239
desc_moisture,0.12160614588246238,-0.23946214650836775,0.08920809075188883,0.23946214650836775
desc_smelling,-0.13799344129539248,0.2379587191476175,-0.03527412704742776,0.2379587191476175
desc_sweat,0.021801245026203595,0.1576916244222071,-0.23515842284079236,0.23515842284079236
bc_supplements bc,0.2257830684053679,-0.004523614728799011,-0.13244250665153834,0.2257830684053679
bc_travel,-0.13989895077836523,-0.049311561516759805,0.22552339498713744,0.22552339498713744
bc_health,0.0389307470896208,-0.2233910724373549,0.14644633647820515,0.2233910724373549
desc_technology,-0.07742953428972847,0.22198685855856817,-0.10538755389769444,0.22198685855856817
bc_bc antiperspirant,0.16098722823847125,-0.015554201232426207,-0.22150770817931878,0.22150770817931878
desc_hand,-0.029098778201434538,-0.14231664294993474,0.22127352776122486,0.22127352776122486
bc_bc christmas,-0.22116127858043033,0.06996286456160444,0.12561025268603332,0.22116127858043033
bc_bc glassware,-0.09212041776469958,-0.0604358512402422,0.22048589718238676,0.22048589718238676
bc_glassware bc,-0.09212041776469958,-0.0604358512402422,0.22048589718238676,0.22048589718238676
desc_years,-0.11400131061642066,-0.0635401936566511,0.2198544923629792,0.2198544923629792
desc_cream,0.21958858108456653,-0.1935269684666181,-0.010361016719752666,0.21958858108456653
desc_design,-0.07041153744704243,-0.08667230807966074,0.21728452589046884,0.21728452589046884
desc_frozen,-0.11667472741633375,-0.029001145583844656,0.21691936633844341,0.21691936633844341
bc_bc dog,0.0650467372758098,-0.21593743692545717,0.11725267682610044,0.21593743692545717
bc_dog,0.0650467372758098,-0.21593743692545717,0.11725267682610044,0.21593743692545717
desc_clean,-0.13913697080863266,0.21425631253853095,-0.04412543843525619,0.21425631253853095
bc_multivitamins,0.2098799888866663,-0.0061208666179749715,-0.15621665895461911,0.2098799888866663
feat_color1_salmon,0.20542620967957786,-0.07785364002081598,-0.10053666911281049,0.20542620967957786
bc_cat,0.20106668018687754,-0.20512787461757864,-0.014967680203067917,0.20512787461757864
bc_bc cat,0.20106668018687754,-0.20512787461757864,-0.014967680203067917,0.20512787461757864
bc_sports,-0.06590075229679858,-0.08860971322362649,0.20132314224226266,0.20132314224226266
desc_scent,-0.04385656532033666,0.2003200408712559,-0.10227929331057004,0.2003200408712559
bc_bc shampoo,-0.08191058021535996,-0.04643565605815899,0.1994240245595316,0.1994240245595316
bc_sets bc,0.12979464614157105,0.02760919584227508,-0.19820795119852969,0.19820795119852969
bc_body wash,-0.09155668362592559,0.19707992821886977,-0.04148407208037908,0.19707992821886977
desc_easy,-0.09212634275892156,-0.060856021943651674,0.19643395415294707,0.19643395415294707
desc_perspirant,0.1200670973530014,0.0070813245692982725,-0.1890764080619457,0.1890764080619457
desc_anti perspirant,0.11915648649833803,0.007540285444980805,-0.1890114486403261,0.1890114486403261
desc_night,0.1869948061154525,-0.06927426546805902,-0.075185126472805,0.1869948061154525
desc_try,0.1865310800492484,-0.028317294032274416,-0.13122540444327116,0.1865310800492484
bc_baby toddler,-0.14379251315167563,0.011768971389231638,0.1854398970789977,0.1854398970789977
desc_style,-0.032760388819417376,-0.09036843689052754,0.18295051232812634,0.18295051232812634
bc_bc health,0.02970612404311672,-0.18278403068423252,0.12729414437110093,0.18278403068423252
bc_health wellbeing,0.1340712467626474,-0.18239555771490565,0.0006140218686568468,0.18239555771490565
bc_wellbeing medicines,0.1340712467626474,-0.18239555771490565,0.0006140218686568468,0.18239555771490565
bc_medicines bc,0.1340712467626474,-0.18239555771490565,0.0006140218686568468,0.18239555771490565
bc_medicines,0.1340712467626474,-0.18239555771490565,0.0006140218686568468,0.18239555771490565
bc_toys entertainment,0.18223024363751433,-0.1259592227864165,-0.03783404933283775,0.18223024363751433
bc_entertainment,0.18223024363751433,-0.1259592227864165,-0.03783404933283775,0.18223024363751433
bc_entertainment bc,0.18223024363751433,-0.1259592227864165,-0.03783404933283775,0.18223024363751433
bc_bc multivitamins,0.18158698147583394,0.001084361003056517,-0.14670539371949567,0.18158698147583394
feat_color2_lavender,0.15779807751825728,-0.1784211704128665,0.014708624296485652,0.1784211704128665
bc_pet shop,0.17601017295248023,-0.1004001919989512,-0.057678322434130784,0.17601017295248023
desc_like,0.14257373864940195,0.021712033322200137,-0.17501647371294818,0.17501647371294818
bc_deodorant antiperspirant,-0.07263323939794583,0.17401118489227105,-0.08064966711409212,0.17401118489227105
bc_antiperspirant bc,-0.07263323939794583,0.17401118489227105,-0.08064966711409212,0.17401118489227105
bc_bc roll,0.17202571923805765,-0.016166515536485657,-0.15055018161415143,0.17202571923805765
bc_roll,0.17202571923805765,-0.016166515536485657,-0.15055018161415143,0.17202571923805765
desc_vitamin,0.16699097845628622,0.012203254078551315,-0.160118847381893,0.16699097845628622
desc_set,0.1658290844302235,-0.029776596517120186,-0.12202062338003292,0.1658290844302235
bc_bc sports,-0.05162575283454898,-0.07808865221329188,0.16556331355162504,0.16556331355162504
desc_baby,-0.06344179588617828,-0.05214923740913347,0.1654639135608481,0.1654639135608481
desc_hours,-0.16423144601208503,0.11638777442722155,0.04080455581330081,0.16423144601208503
bc_shop bc,0.10815973879108082,-0.1636727588460726,0.03299786448936474,0.1636727588460726
bc_shop,0.061481496668052936,-0.16273064898351558,0.07413285531485926,0.16273064898351558
feat_color1_gray,-0.06400558498978166,0.16243962132255851,-0.08113164253338827,0.16243962132255851
bc_bc aftershaves,0.017388136353621953,0.12183794226193231,-0.16190786966312726,0.16190786966312726
desc_cards,0.16104040027115993,-0.02978219679580831,-0.08823869989436899,0.16104040027115993
desc_gift,-0.035707142437878696,0.1574346020748399,-0.11053951010555522,0.1574346020748399
bc_toys accessories,-0.05760015103276352,-0.0721224418445641,0.15662466028132385,0.15662466028132385
bc_vitamins,0.15439596505709985,-0.00735346861218237,-0.09335765236429934,0.15439596505709985
desc_mg,-0.038452381501675806,-0.10452772309641341,0.1535221345185421,0.1535221345185421
bc_multivitamins supplements,0.15309159126109648,0.0029894321074624675,-0.12832856452444877,0.15309159126109648
bc_bc gifting,0.046531462471507606,0.09062204725061858,-0.15299924361365735,0.15299924361365735
desc_original,-0.12972370851136636,0.15292647362696507,-0.01298048380593043,0.15292647362696507
desc_light,0.1524357488295754,-0.0030126311771625663,-0.13650163278747737,0.1524357488295754
feat_color1_crimson,-0.09292517248927992,-0.04116257540445236,0.15227535066039183,0.15227535066039183
desc_inside,0.15181445476378957,-0.045288969458316834,-0.08532192377159478,0.15181445476378957
bc_spray,0.05431452852283251,0.07640514531338632,-0.15084449556609159,0.15084449556609159
desc_smooth,0.149986920592387,-0.12611433284095072,-0.014112042569254931,0.149986920592387
bc_cards,0.14754580055124933,-0.017748465263222147,-0.07189221690242008,0.14754580055124933
bc_chocolate sweets,-0.1475325018881383,0.05316142809786259,0.07870007963823303,0.1475325018881383
bc_toddler,-0.13215847003047662,0.025488970880795016,0.144394782399109,0.144394782399109
desc_super,0.14352975662684958,-0.015552832515235466,-0.11173594973436186,0.14352975662684958
desc_feel,0.07606118548451926,0.041298668077529035,-0.1432859079359886,0.1432859079359886
bc_milk,-0.06055899199559862,0.1429603000764466,-0.06998575352761818,0.1429603000764466
desc_place,0.06887997165048093,-0.14172201664504194,0.041131348743737826,0.14172201664504194
desc_wash,0.021737890018929052,0.11051903792749562,-0.14120419710204674,0.14120419710204674
desc_black,-0.012047229806905325,0.1401635408925199,-0.12054333196740867,0.1401635408925199
bc_styling bc,0.023782089710344963,-0.13864890523498516,0.11272707315538814,0.13864890523498516
desc_head,-0.0419390150981549,0.13769594780372174,-0.08015669504238362,0.13769594780372174
desc_comfort,-0.04543786210002141,0.13758643557201203,-0.07830790908603545,0.13758643557201203
feat_color2_pink,0.13678521615259126,-0.0983738803641647,-0.026051171309216713,0.13678521615259126
bc_ice,-0.13567688371906658,0.05566478180973584,0.06717632660272432,0.13567688371906658
desc_ice,-0.1350289995644945,0.04276348999410314,0.07666527190180354,0.1350289995644945
desc_days,0.11838660210938257,-0.13454519077134353,0.010528387442156863,0.13454519077134353
bc_body spray,0.03359452996842304,0.09093833604548801,-0.13420297160866748,0.13420297160866748
desc_ml,0.13306343772433737,-0.012698613071264244,-0.11473251985354264,0.13306343772433737
desc_oil,0.011674975328344805,-0.1318735813564416,0.11712558647964716,0.1318735813564416
desc_feeling,0.02512751969349337,0.09341300652831602,-0.13184611462259832,0.13184611462259832
desc_underarm,0.13165119451173785,-0.044582435699163925,-0.07288445843607155,0.13165119451173785
desc_product,-0.13108509614658145,0.0009687224316305236,0.13115674557651755,0.13115674557651755
desc_long lasting,-0.13104163048375186,0.05839424219137988,0.057047150618508825,0.13104163048375186
feat_color1_teal,-0.12865941631132113,0.13045066782596376,0.0005564383869494901,0.13045066782596376
desc_plastic,-0.060049444252447556,-0.05192702810122846,0.1304445345168669,0.1304445345168669
desc_helps,-0.033023504939961805,-0.08445734403693009,0.13014660889509239,0.13014660889509239
desc_sure,0.12864284493702238,-0.09555986051932434,-0.020967658245686433,0.12864284493702238
desc_cm,-0.02203827932685472,-0.09525462656698738,0.1284086189090429,0.1284086189090429
desc_antiperspirant,0.055310611506814385,0.04266262123033391,-0.12821026120868328,0.12821026120868328
desc_health,0.1268284591320663,-0.028763618391979637,-0.08029142159158001,0.1268284591320663
bc_stick,0.1260115941649888,-0.0024907542426954804,-0.12277102923220222,0.1260115941649888
bc_bc stick,0.1260115941649888,-0.0024907542426954804,-0.12277102923220222,0.1260115941649888
bc_stick deodorant,0.1260115941649888,-0.0024907542426954804,-0.12277102923220222,0.1260115941649888
feat_color1_dark_green,-0.12547125230386458,0.11966440229569539,0.004098173912246288,0.12547125230386458
bc_bc gift,0.06805861044475538,0.03356023070966867,-0.1235910502542571,0.1235910502542571
desc_kg,-0.062418812154645266,-0.04119705105511584,0.12232420097901742,0.12232420097901742
bc_hair care,-0.08568853365553082,-0.010680204722220314,0.12028560128501642,0.12028560128501642
bc_toddler bc,-0.11995578902454748,0.0349787824591109,0.10219723706172706,0.11995578902454748
desc_vitamins,0.11974957141575564,-0.006908345808914846,-0.0873778234222252,0.11974957141575564
bc_weakness bc,0.07002588046979645,0.03444520724031911,-0.11929554261387061,0.11929554261387061
bc_bc face,0.11881406105786599,-0.05835998025578589,-0.04721483051771424,0.11881406105786599
desc_cool dry,0.11842984690791514,-0.061685639557666094,-0.04184600930611876,0.11842984690791514
bc_ice cream,-0.11720774552379981,0.04383628901215199,0.06191481637777994,0.11720774552379981
bc_kids,-0.04482273439564533,-0.055734364227593584,0.11615733629260624,0.11615733629260624
desc_teeth,0.027667402546559788,-0.11511351793674612,0.07781825343334002,0.11511351793674612
feat_color1_brown,-0.07434109165808189,0.11482158570613075,-0.028834780951464443,0.11482158570613075
desc_plus,0.11239315455285499,-0.06916002360996866,-0.02798149621419767,0.11239315455285499
desc_away,0.11238502344803644,-0.08048010332463425,-0.01843117410951935,0.11238502344803644
desc_perspirant deodorant,0.11168502675183524,-0.04232810932668628,-0.056626777939537916,0.11168502675183524
desc_serving,-0.05646991758200811,-0.0385094949531218,0.11057965020805781,0.11057965020805781
desc_day,0.0929161632556937,0.006000884788440078,-0.1084630953086865,0.1084630953086865
bc_roll deodorant,-0.0011696048961362523,0.09634379889414296,-0.10752969352632279,0.10752969352632279
bc_deodorants sprays,0.10749686721048254,-0.011290394546718138,-0.09899791905045317,0.10749686721048254
desc_compartment,-0.08322055860965452,-0.010349741507731032,0.10703237400041585,0.10703237400041585
desc_soft,0.06772071178276692,-0.106841375142083,0.017205527924075804,0.106841375142083
desc_dove,0.10603923786580063,-0.052226544419917406,-0.0423642007583724,0.10603923786580063
bc_toys bc,-0.10503543282721746,0.04217059476128942,0.059884161114959804,0.10503543282721746
desc_paper,0.05002321312543347,0.041169083249739995,-0.1045185002604023,0.1045185002604023
desc_extra,0.05675555812295603,-0.10394767498471062,0.03315809076567541,0.10394767498471062
bc_bc ice,-0.10293024499655042,0.05358844626497546,0.03611718104968962,0.10293024499655042
desc_freshness,-0.003701573725020725,0.10154336486404099,-0.09216531641723213,0.10154336486404099
desc_storage,-0.028929794089771373,-0.05551597922915175,0.10063599670033216,0.10063599670033216
desc_fsc,-0.024666728511410937,0.10052724336528288,-0.06180086802254486,0.10052724336528288
desc_little,0.1005183516105982,-0.014257897758892928,-0.0771037673611165,0.1005183516105982
desc_non,-0.08785336306318381,-0.005658753626194089,0.10043896079422188,0.10043896079422188
desc_size,0.044325152335369586,-0.09918817698514572,0.036261287188146404,0.09918817698514572
bc_bc skin,-0.07419231927122943,0.09877756008236288,-0.021610310447398275,0.09877756008236288
desc_comes,-0.09834201366577014,0.02182537863859976,0.06177076240296297,0.09834201366577014
feat_color1_purple,0.0872786587731472,-0.09759683420381945,0.0036895128205130957,0.09759683420381945
desc_used,-0.022906302808144072,-0.05858085657624426,0.09657723762269017,0.09657723762269017
desc_lasting,-0.09627596446787749,0.01870832124756013,0.0647106517100048,0.09627596446787749
bc_deodorant bc,0.07420514171752614,0.012817392501372666,-0.0962564064464177,0.0962564064464177
desc_perfect,0.0962119521713824,-0.06759622958619119,-0.025961089659737764,0.0962119521713824
desc_long,-0.09537022113921388,0.03550883145161183,0.044303126484302804,0.09537022113921388
feat_color1_hot_pink,-0.0012280995118926494,-0.09464849441245952,0.09172366999113075,0.09464849441245952
bc_vitamins supplements,0.08707149368760285,0.01851713386096512,-0.09416998344005044,0.09416998344005044
desc_colours,0.09239816750193193,-0.07372943369495316,-0.012829971320843745,0.09239816750193193
desc_maximum,0.0923840068784774,-0.010084711507678597,-0.07153623742720114,0.0923840068784774
desc_featuring,0.0699710315091823,0.01282655553656503,-0.09236429355251405,0.09236429355251405
desc_shampoo,-0.0017394759374579855,-0.0751242730104637,0.09118346968504425,0.09118346968504425
desc_dry place,0.09064911525850648,-0.028968635183205367,-0.04615567036471147,0.09064911525850648
desc_use,-0.0902277205625618,0.0032469870437281867,0.08624772703060497,0.0902277205625618
feat_color1_tan,0.0899560854817598,-0.05933419263975462,-0.01827927437893678,0.0899560854817598
bc_aftershaves gift,0.06072220572039161,0.015424366498557829,-0.08973121495687784,0.08973121495687784
desc_origin,-0.05810369459443751,0.08966134772208119,-0.016168033650954955,0.08966134772208119
desc_features,-0.06898056891749962,0.08937465896859739,-0.013636720050221762,0.08937465896859739
desc_designed,-0.0006337094518257738,0.07942639462351905,-0.08863471874801453,0.08863471874801453
bc_skin,-0.08813580662771602,0.05909570460176673,0.023217716077659337,0.08813580662771602
desc_aerosol,0.001693979904105548,0.0728670830800035,-0.08743609425394101,0.08743609425394101
desc_uk,0.07992294186124971,0.006679110730605152,-0.08740154616597881,0.08740154616597881
store_1,0.0011681531149500758,-0.08592457641849818,0.08729470703530896,0.08729470703530896
desc_suitable,0.017396673836894933,-0.0870688948590805,0.06985368932336555,0.0870688948590805
desc_daily,0.0869122437130683,-0.05421236348734623,-0.023637917352347132,0.0869122437130683
bc_perfumes bc,0.07170670616831601,0.004695220498909849,-0.086186053573915,0.086186053573915
bc_cards bc,0.0859711477409397,-0.0643606579694474,-0.0008017655521408713,0.0859711477409397
feat_color2_brown,-0.08547441022217651,0.06778433706996724,0.009582677559310354,0.08547441022217651
desc_nivea,-0.008941205517640254,0.08514151561000313,-0.07813591510490987,0.08514151561000313
desc_good,-0.0848415207302902,0.01801801603971317,0.053802755188350426,0.0848415207302902
desc_care,-0.08482167563765922,0.05776403478870158,0.01696157741432563,0.08482167563765922
bc_party,-0.0673125026554816,-0.008918130456455503,0.08470632127832288,0.08470632127832288
bc_bc toys,0.023467597609504898,-0.08430105684601907,0.039572340236165536,0.08430105684601907
desc_make,0.08401639003247603,-0.03547225713509538,-0.03466015716095523,0.08401639003247603
desc_dry,-0.04066465424110509,-0.029601712638864127,0.08394497279322823,0.08394497279322823
desc_leave,0.01018825993854855,-0.08381450390893175,0.06121373415078122,0.08381450390893175
bc_styling,0.0028802394946538037,-0.07965129166080583,0.08326724163712702,0.08326724163712702
desc_natural,0.04250381324423929,-0.08216487597623974,0.026082773315873938,0.08216487597623974
desc_help,0.08214765639057256,-0.08017841403378338,0.0005567054454184985,0.08214765639057256
desc_look,0.024093564795958373,0.04848990170760589,-0.08163732310106471,0.08163732310106471
desc_great,-0.04300170489488454,0.0806896462136184,-0.026387960911945643,0.0806896462136184
desc_occurs,-0.04864147067495062,0.08056408225076855,-0.017254329521226974,0.08056408225076855
feat_color2_black,0.0,0.07926350578826845,-0.07355173002797225,0.07926350578826845
desc_minutes,-0.0325260325861803,-0.031347243245808655,0.07806117299089499,0.07806117299089499
desc_quality,0.07755050883010303,-0.040808191523045864,-0.021822017004242092,0.07755050883010303
desc_white,0.02572754464535957,-0.07747207726807809,0.044719935474327566,0.07747207726807809
desc_smoking,-0.04392694963424379,-0.0188673328672225,0.07686315240341249,0.07686315240341249
desc_body wash,-0.005172221986367413,0.07639266283414684,-0.06618584127436487,0.07639266283414684
feat_color1_lime,-0.04763735121421938,-0.013376029515687135,0.07531473788070489,0.07531473788070489
desc_making,-0.033653451230414085,-0.02659266135717631,0.07487668513484433,0.07487668513484433
desc_pet,-0.01071662251027548,-0.049164868066486976,0.0748445386637337,0.0748445386637337
desc_results,0.04739565545692947,-0.07473661361310606,0.017921929177706512,0.07473661361310606
desc_body spray,0.04753275067970171,0.011730069706015419,-0.07441872101290634,0.07441872101290634
desc_life,0.049115903504383523,-0.07411788030727247,0.013456588846400993,0.07411788030727247
bc_pants,-0.07382094368250673,0.03670746480586627,0.029261383741531848,0.07382094368250673
desc_high,0.023711378368180096,-0.07381738232773055,0.04470478327933843,0.07381738232773055
desc_ultra,0.0003505009212234776,0.05930544106797124,-0.07355830981204643,0.07355830981204643
bc_skin care,-0.07289317713449077,0.06447441107025989,0.006340878508702345,0.07289317713449077
desc_provides,-0.05945492244254326,-0.0036024121988017686,0.07288747312201431,0.07288747312201431
desc_styling,0.029016606573568735,0.03718826353959837,-0.07256967357569032,0.07256967357569032
bc_toiletries beauty,0.02085901666242609,-0.07236106768523243,0.04504007367849045,0.07236106768523243
desc_food,-0.047914695381706215,-0.010428733794384686,0.07218300767650139,0.07218300767650139
desc_comfortable,-0.0721362028614571,0.06616843046541106,0.004531414108731514,0.0721362028614571
desc_food compartment,-0.06788202827632385,0.0007040988509463072,0.07127097827144971,0.07127097827144971
bc_gifting,0.01330110437388841,0.04910662940903749,-0.07108842080355453,0.07108842080355453
desc_sweat odour,0.0706853819855798,-0.01114710710653303,-0.05471566363000643,0.0706853819855798
bc_bags,-0.06763159098514866,0.0008837115218537677,0.07005406841184258,0.07005406841184258
desc_table,-0.03179894928659339,-0.02245154625785671,0.06983267807587097,0.06983267807587097
feat_color1_royal_blue,-0.040423717551763556,-0.015851926877329572,0.06907309253342978,0.06907309253342978
desc_healthy,0.03617166967634608,-0.06899257551686927,0.019881500997368785,0.06899257551686927
desc_frozen food,-0.06828051089250979,0.0025182692225253693,0.06859917495033092,0.06859917495033092
feat_color2_teal,0.005233702257847521,0.05907526028659638,-0.06827547174891552,0.06827547174891552
desc_gentle,0.0,-0.06641373385890967,0.06808589152985786,0.06808589152985786
bc_shower bc,-0.06535907200165525,0.06754087579754973,-7.70676291986174e-07,0.06754087579754973
desc_vegetarians,-0.03575176235492354,0.0669636421599137,-0.020828705156230823,0.0669636421599137
desc_bottle,-0.026005432411424785,-0.026449077020710355,0.06680582256733306,0.06680582256733306
bc_bc vitamins,0.06585490549718234,-0.0029444661387146537,-0.03958345797739319,0.06585490549718234
feat_color2_tan,0.013999530032509888,-0.0657727138983247,0.04170408859470238,0.0657727138983247
desc_recommended,0.06574589983756175,-0.04479172765710906,-0.008719726644540508,0.06574589983756175
feat_color1_gold,-0.06450458083567007,0.035561255578596324,0.01464522615479772,0.06450458083567007
desc_irritation,0.024821023155048343,0.02700840311947974,-0.06444032321890708,0.06444032321890708
bc_beauty,0.00014047030631101273,-0.06371418699291274,0.05130082761063442,0.06371418699291274
desc_pack,0.05338888041889715,-0.06328983149728812,0.005362182362647016,0.06328983149728812
desc_world,-0.027328380992689243,0.0625059519591774,-0.023167871653120408,0.0625059519591774
desc_approved,-0.05623652483572145,0.06214380097366304,-0.0048366742189893275,0.06214380097366304
desc_hold,0.062007035088396285,-0.03640201711689808,-0.021158625470833314,0.062007035088396285
desc_milk,0.061915810057645564,-0.0032969889908064077,-0.06130164236179891,0.061915810057645564
bc_minerals,0.06174814828361694,-0.02939648821558778,-0.017871643827185903,0.06174814828361694
desc_close,0.060178785480802764,-0.025800391444105068,-0.029060148807300578,0.060178785480802764
feat_color3_brown,-0.06017741809796322,0.005058990670562551,0.04851430726571415,0.06017741809796322
bc_deodorant body,0.013621912098782296,0.03881141987586971,-0.06016237925005596,0.06016237925005596
bc_spray bc,0.013621912098782296,0.03881141987586971,-0.06016237925005596,0.06016237925005596
desc_united,0.03084581544552064,0.016240393205935212,-0.05992093570172702,0.05992093570172702
desc_ingredients,-0.05958929972513279,0.0563407424297031,-0.0005759306082971239,0.05958929972513279
desc_remove,0.04007961189162664,-0.05916190604562616,0.006843778370621918,0.05916190604562616
desc_rinse,-0.05865445785015829,0.04124549977771818,0.005256588585142693,0.05865445785015829
desc_base,0.03123588389092075,0.02338480985779656,-0.058516441225817895,0.058516441225817895
desc_formula,-0.058511662993986926,0.0369482000241551,0.011438697459486951,0.058511662993986926
desc_cook,-0.007100603184667306,-0.0357394891260648,0.05822897395384795,0.05822897395384795
desc_card,0.014490575187189943,0.044118079474309416,-0.05803406891602467,0.05803406891602467
desc_high quality,0.05732338483167135,-0.015084838620857468,-0.03141644189357957,0.05732338483167135
desc_br frozen,-0.05485574238154799,0.0015283499308251015,0.05687761453886331,0.05687761453886331
bc_beauty bc,-0.006562095916678865,-0.0460516995938357,0.05663226260783236,0.05663226260783236
desc_know,-0.04831096975527785,0.05598810165405646,-2.3404363989786216e-05,0.05598810165405646
desc_end,-0.02545290381557982,-0.017689702629474148,0.05545357018161027,0.05545357018161027
desc_hard,-0.015713396159212027,0.0548600232819194,-0.024906437480463717,0.0548600232819194
desc_provide,-0.05440292997775658,0.03389062564774408,0.014345915936691395,0.05440292997775658
desc_confidence,0.05414832204733876,-0.0069151738049265605,-0.04782607153374481,0.05414832204733876
desc_note,-0.05335300634597603,0.015326434364735644,0.027345797152482556,0.05335300634597603
bc_razors razor,0.0003464802767923099,0.053182445422863794,-0.04798274408469607,0.053182445422863794
bc_razor blades,0.0003464802767923099,0.053182445422863794,-0.04798274408469607,0.053182445422863794
bc_razor,0.0003464802767923099,0.053182445422863794,-0.04798274408469607,0.053182445422863794
desc_apply,-0.04245508359947128,-0.004008123973483108,0.05250331632038662,0.05250331632038662
desc_reach,0.004452480187005057,0.04001440447030467,-0.05250139262443116,0.05250139262443116
feat_color3_silver,0.05241889912488596,-0.015477333141248011,-0.026841262357597165,0.05241889912488596
bc_face,0.031840653598744106,0.011464702830726169,-0.052263100168467955,0.052263100168467955
feat_color3_teal,-0.011153540117464809,0.052157116548105224,-0.0279552028778862,0.052157116548105224
desc_united kingdom,0.04216998478885305,0.0006062517002006349,-0.051941537235103794,0.051941537235103794
desc_kingdom,0.04216998478885305,0.0006062517002006349,-0.051941537235103794,0.051941537235103794
desc_broken,0.03192999044415425,0.008011692749881671,-0.05178706694748638,0.05178706694748638
desc_data,-0.03961279356456166,0.05177763018693536,-0.006993455988763473,0.05177763018693536
desc_sensitive,0.03276193182930725,0.015504583168626886,-0.05170214312566565,0.05170214312566565
desc_store cool,0.05118645274630505,-0.033176910844426734,-0.012687792144535977,0.05118645274630505
desc_logo,-0.02552643828452849,0.050457588968775786,-0.010716230789654871,0.050457588968775786
bc_bc haircare,0.003767676529676107,-0.04941217432896187,0.05040492209808873,0.05040492209808873
feat_color3_gray,-0.0129399972227919,0.049780089360115465,-0.022757437435695343,0.049780089360115465
desc_store,-0.0034292262521029493,-0.04691148490178418,0.04974279873508629,0.04974279873508629
desc_morrisons,-0.04974203927161321,0.002735565673774621,0.03671450240283728,0.04974203927161321
desc_wm,-0.04963707684846064,0.0056813128713966085,0.03058189907666642,0.04963707684846064
desc_website,-0.04955554210571857,0.023476411490005233,0.012122115861193872,0.04955554210571857
desc_ignition,0.007979070602587476,0.028885424537257398,-0.04943666069497968,0.04943666069497968
desc_lifestyle,0.019677224382162715,0.021942986857578266,-0.04940553750677498,0.04940553750677498
desc_control,-0.04909884787812229,0.02345832763742894,0.014460370591675101,0.04909884787812229
bc_ons,0.04863808246444926,-0.005456130611728113,-0.03820580683349219,0.04863808246444926
desc_supermarkets,-0.048624057947968605,0.003435245352445611,0.033296999012652186,0.048624057947968605
desc_eyes,-0.02761954522652269,0.048606491460789825,-0.012760052773705012,0.048606491460789825
desc_products,-0.04834069514478878,0.0009565207162118535,0.035567119409070064,0.04834069514478878
bc_party essentials,-0.04661150599868918,-0.0011706859655788231,0.048291346764685626,0.048291346764685626
bc_haircare,0.0049902380221059405,-0.047709574986586636,0.04674385081931927,0.047709574986586636
desc_friendly,0.002630822293861556,0.03844107075451166,-0.047609459106081185,0.047609459106081185
bc_cream,0.040371762035581855,-0.04738866194411993,0.011637152576664507,0.04738866194411993
desc_label,-0.03353346130497343,-0.006764545444206926,0.04722884792386168,0.04722884792386168
feat_price_log,-0.025375856779285003,0.04715908190900044,0.010964522529707353,0.04715908190900044
desc_free,0.0074283986161625334,-0.04704583001937062,0.03440866507592519,0.04704583001937062
desc_new,0.04673580422743966,0.00037156275067703256,-0.046809002806562985,0.046809002806562985
desc_supermarkets limited,-0.046718743031202124,0.0021915302464246894,0.03386325909298282,0.046718743031202124
desc_ireland,0.04037337330500021,-0.04648022834794493,0.0007602400864949425,0.04648022834794493
desc_safety,-0.04193404756030081,-0.003248234645779602,0.0462904533864217,0.0462904533864217
desc_br br,0.01788785740551777,0.02782432575977005,-0.046123060800404195,0.046123060800404195
bc_minerals supplements,0.046025935871957684,-0.02415456802819808,-0.00996562085132201,0.046025935871957684
bc_vitamins bc,0.046025935871957684,-0.02415456802819808,-0.00996562085132201,0.046025935871957684
bc_bc minerals,0.046025935871957684,-0.02415456802819808,-0.00996562085132201,0.046025935871957684
desc_packagetype,-0.04109385634536309,-0.0013079701422881592,0.043806706876369936,0.043806706876369936
desc_supplied,-0.04296493387340022,0.0032981649952872846,0.02851870054787423,0.04296493387340022
desc_party,-0.0429338710757005,0.004199220554931699,0.027057674202474347,0.0429338710757005
desc_support,0.042615794319244074,-0.00666426678799701,-0.026634982566143883,0.042615794319244074
desc_avoid,0.017196068437633254,0.01171512056605644,-0.04252525333400561,0.04252525333400561
desc_let,0.042299156905343624,-0.0142331925962144,-0.0251511537267912,0.042299156905343624
desc_looking,-0.042290971853750456,0.0189009057171116,0.012854577309637506,0.042290971853750456
desc_hour,-0.010034715194867727,0.04224142615437736,-0.02359762389497189,0.04224142615437736
feat_color1_khaki,-0.008960425134979216,-0.02293577100180474,0.04215181332844315,0.04215181332844315
desc_fit,0.0037627453521387267,-0.04193644311666805,0.033703083694750155,0.04193644311666805
desc_doctor,-0.00995474676669907,-0.02597668598144811,0.041898481809313166,0.041898481809313166
desc_uk otherinformation,-0.015324396345669808,0.04189682219843735,-0.012408796601370975,0.04189682219843735
desc_additional information,0.017126243936535532,0.014795458581313727,-0.04162099348952439,0.04162099348952439
bc_sticks,0.04140662795976262,-0.02114106054455994,-0.009756820203650969,0.04140662795976262
desc_information,-0.04116042059944311,0.016961340159957403,0.011870850130213016,0.04116042059944311
desc_finish,0.03244793478971876,-0.04110582024555166,0.0030291083568327534,0.04110582024555166
desc_information br,0.018355543708198654,0.013621135803199992,-0.04092731269716193,0.04092731269716193
bc_bc body,0.0407772307356152,-0.02709294968098421,-0.013132124086624222,0.0407772307356152
feat_color2_gold,-0.040752436551468096,0.03213730853649486,0.001931257869525706,0.040752436551468096
desc_tested,0.040677780264541885,-0.028589881346274878,-0.0006908649898092882,0.040677780264541885
desc_open,-0.012667128029813854,0.04046347384969048,-0.01819776863750335,0.04046347384969048
desc_small,0.040439045171980666,-0.026431651313944423,-0.011708959330376712,0.040439045171980666
desc_br additional,0.007019042780371331,0.02297286913605404,-0.040217690272729104,0.040217690272729104
desc_use br,0.033341445731018875,0.0041255594938062095,-0.03932995166223742,0.03932995166223742
feat_color2_navy,-0.013561885862835356,0.03900596678866393,-0.016637318946788496,0.03900596678866393
desc_ideal,-0.01051682670940424,-0.02157099208023478,0.03883551510597812,0.03883551510597812
desc_way,-0.03859396905534995,0.0,0.0380280702768084,0.03859396905534995
desc_contains,-0.03283546906691622,-0.002800727252565986,0.038403437011248084,0.038403437011248084
bc_health beauty,-0.03489312666004648,-0.0010113158512368302,0.03814280488194048,0.03814280488194048
feat_color2_crimson,-0.0378510842681718,0.03806703671982233,-0.0008168534141417016,0.03806703671982233
desc_advanced,0.02604316278686391,0.008260332742810933,-0.038019542131023765,0.038019542131023765
desc_best,0.0022418647880198127,0.03715310438495157,-0.037942249513386414,0.037942249513386414
desc_source,0.037851161954984676,-0.0063950231016162585,-0.025035119897202567,0.037851161954984676
feat_color2_royal_blue,-0.020807545206376007,0.03783167618776486,-0.011656089592784054,0.03783167618776486
feat_color3_tan,0.02485219534672055,-0.03761160150818544,0.0036796407580977843,0.03761160150818544
feat_color2_hot_pink,0.03720907792575854,-0.013973173006980272,-0.01170858364778315,0.03720907792575854
desc_cooking,-0.020734514661003775,-0.007060893439366659,0.03687069855137738,0.03687069855137738
desc_cool,0.03674068561995271,-0.009486605825643755,-0.020029994762927168,0.03674068561995271
desc_countryoforigin,-0.03631420196380425,-8.097899747195534e-05,0.027835204977516695,0.03631420196380425
desc_children,0.035720001097856204,-0.026826464069162222,-0.007434054328327771,0.035720001097856204
desc_visit,0.03455165738540371,0.00331566342984975,-0.035624883365359565,0.035624883365359565
desc_br storage,-0.0058232937402016675,-0.019263601730296762,0.035265453064090055,0.035265453064090055
desc_summary,-0.03505585840281287,0.0021833670677951686,0.02077202722528296,0.03505585840281287
desc_morrisons supermarkets,-0.03505585840281287,0.0021833670677951686,0.02077202722528296,0.03505585840281287
desc_wm morrisons,-0.03505585840281287,0.0021833670677951686,0.02077202722528296,0.03505585840281287
desc_party website,-0.03505585840281287,0.0021833670677951686,0.02077202722528296,0.03505585840281287
desc_ensure,-0.0033069945929929765,-0.02843333037977696,0.03496392690040667,0.03496392690040667
desc_just,-0.03484723643694518,0.010137079192392014,0.020140971711655714,0.03484723643694518
desc_need,-0.031891563347449865,-0.002281692209274809,0.0339587910190564,0.0339587910190564
desc_prior,-0.03351051912134393,0.00587238162511368,0.014768630416926972,0.03351051912134393
desc_shake,-0.02077627133242004,0.03317847005315149,-0.00587213649523201,0.03317847005315149
desc_box,0.010081359326475936,-0.03311973826776268,0.01878742533949818,0.03311973826776268
desc_countryofpackaging,-0.028761339955799298,-0.0032247596619530807,0.032952084467219776,0.032952084467219776
bc_cards party,-0.03270580426357053,0.012105599456696765,0.013622312675105278,0.03270580426357053
desc_instructions,-0.03260787392033116,0.0030692830198210653,0.022818178761075943,0.03260787392033116
feat_color2_salmon,0.032479095825847154,-0.023333805850471963,-0.003208326695690919,0.032479095825847154
desc_surfaces,-0.02164233273293158,-0.005262133915265656,0.03243228955670663,0.03243228955670663
feat_color2_dark_green,-0.03220084095271942,0.019058171399700858,0.006258630508804483,0.03220084095271942
desc_contact,-0.01572699994666081,0.032030857524042264,-0.010898835548908239,0.032030857524042264
desc_gives,-0.01730312142269278,0.03195234198904442,-0.004627114456328999,0.03195234198904442
desc_sensitive skin,0.03179865558127192,-0.005628167955720464,-0.026551821123376187,0.03179865558127192
desc_time,-0.031114792372884715,0.020917679330287296,0.010863536772901578,0.031114792372884715
desc_limited,-0.030863955395099656,0.0018026869195925108,0.020518168130067987,0.030863955395099656
desc_applicable,-0.030642058813855722,0.005374472804779059,0.014068873562867068,0.030642058813855722
desc_number,0.03043470737019726,-0.025489353371456157,-0.00593341251248849,0.03043470737019726
feat_color3_black,0.030374282126238054,-0.020051416393298136,-0.003452685835600713,0.030374282126238054
desc_germany,-0.01966770793384663,0.0300598578659048,-0.002780262001875862,0.0300598578659048
desc_included,-0.0059026095028457065,-0.01474154727686803,0.029953125105440955,0.029953125105440955
bc_essentials bc,-0.022557858224304367,-0.005502000918925965,0.029917516888132697,0.029917516888132697
feat_color1_sky_blue,0.021212597636078794,0.0067602693982032344,-0.029819859000695843,0.029819859000695843
desc_recyclable,0.012029356546941965,0.01002648681579558,-0.02926559726942004,0.02926559726942004
desc_dublin,-0.0011488085490990192,-0.026740078386356236,0.02925002143017386,0.02925002143017386
desc_include,-0.029245128411823994,0.021545780932503894,0.002855600807987261,0.029245128411823994
desc_roll,0.029112739917015223,-0.003462555060368472,-0.024631828210402645,0.029112739917015223
feat_color1_dark_red,-0.028909662819849392,0.009554527979009988,0.01206836867880703,0.028909662819849392
desc_protect,-0.013864208009164698,0.028670769262110183,-0.009670867348606733,0.028670769262110183
desc_alcohol,-0.014205130438548971,0.0285702637768528,-0.0034142958112790187,0.0285702637768528
desc_deodorant spray,0.008166431049851786,0.012651352931231296,-0.027837057113981382,0.027837057113981382
bc_essentials,-0.013509385824186195,-0.009642789949086928,0.02778574978803434,0.02778574978803434
feat_color2_silver,0.01777963471809792,-0.027278297559272614,0.00756312810484364,0.027278297559272614
desc_warning,-0.02687039552940571,0.016615847298412076,0.004615061286591847,0.02687039552940571
desc_br dublin,-0.0006626826353804802,-0.025664753169690163,0.026820086915561026,0.026820086915561026
desc_accessories,-0.026645334533778237,0.001265045471992999,0.01851126157775612,0.026645334533778237
desc_diet,0.01719811276726729,0.007988936758007268,-0.02652010869907497,0.02652010869907497
desc_recycled,0.0006245522814442619,0.026436794759295865,-0.019489830761259857,0.026436794759295865
desc_uk br,-0.011364491156874388,-0.0071307429526030214,0.02619451242497391,0.02619451242497391
desc_unique,0.004551548584041145,-0.025915909913283405,0.01564691430582116,0.025915909913283405
desc_countryoforigin united,-0.008785862887960403,0.02571972712807067,-0.006714210522939682,0.02571972712807067
desc_leaving,0.02553568243531789,-0.01838885769098999,-0.005115083592869369,0.02553568243531789
desc_stick,0.018982217069241,-0.024941977497028558,0.0037330637585666205,0.024941977497028558
desc_origin br,-0.012815515482688559,0.024388173692783646,-0.0025249570126873056,0.024388173692783646
desc_container,0.02129874838972984,0.0,-0.02411088240184786,0.02411088240184786
desc_brand,-0.013931750893951654,-0.003854576639413625,0.02376048615098502,0.02376048615098502
desc_heat,-0.0010990043367643827,-0.022180486335631897,0.02366323605246898,0.02366323605246898
feat_color2_khaki,0.0,-0.022489930733074138,0.02363447937609371,0.02363447937609371
feat_color1_coral,-0.0002851864600357673,0.023455454457166854,-0.021564903759609042,0.023455454457166854
desc_enhance,-0.021992781216908817,-0.0009020007740798579,0.0232947000608952,0.0232947000608952
desc_enriched,0.01356174608195887,0.007561939479684129,-0.023122547668566622,0.023122547668566622
desc_works,0.022893906027099217,-0.022488709157770168,0.0015968435994072115,0.022893906027099217
desc_believe,-0.022843101384885288,0.013410980309764012,0.0027931615503902375,0.022843101384885288
feat_color3_lavender,0.022281962656842187,-0.022843015577969358,0.0,0.022843015577969358
desc_lane,-0.013978967957985446,0.022478162167892467,-0.003272610883984527,0.022478162167892467
desc_london,0.02230703382577052,-0.013064647568402442,-0.0050564870232027315,0.02230703382577052
desc_accurate,-0.022281711888958926,0.0009683059188025829,0.014252172969728279,0.022281711888958926
feat_color2_lime,0.0,-0.01974835704761148,0.022234395493549747,0.022234395493549747
desc_storage br,-0.004124061981699804,-0.011464018584504318,0.022215862272991646,0.022215862272991646
desc_reach children,0.014858388501402751,0.002425070547266352,-0.022189205883734405,0.022189205883734405
desc_bag,0.022162769293621015,-0.019766836054087463,-0.00498335206038112,0.022162769293621015
desc_experience,-0.001172800611835355,-0.01436295767344072,0.021844224726469706,0.021844224726469706
desc_packaging,-0.013272743779572226,0.02175458508915271,-0.004652503858619507,0.02175458508915271
desc_better,-0.021750385057643387,0.01870328961863493,0.0022051638917966947,0.021750385057643387
desc_short,-0.0003783488509265598,0.021722265787313216,-0.020005639553227976,0.021722265787313216
desc_using,0.004382050243487467,0.012987290362595928,-0.02166675754613165,0.02166675754613165
desc_dermatologically,-0.011458174928605926,0.020888162120702637,-0.010818513084744925,0.020888162120702637
desc_vegan,0.017715959767118147,0.004207953876456441,-0.020716000061181485,0.020716000061181485
desc_serves,-0.020579077651909687,0.0,0.01749705507327766,0.020579077651909687
feat_color3_dark_green,-0.020067733750787905,0.006361896036758557,0.008323924092867334,0.020067733750787905
desc_advice,-0.019876244483257276,0.0,0.019326327163691155,0.019876244483257276
desc_otherinformation product,-0.009095308120501215,-0.0008448395973697154,0.019873005203179535,0.019873005203179535
desc_www,-0.015227474213549084,0.01944784421098169,-0.004508034345620496,0.01944784421098169
desc_nutrition,-0.019080639999484138,-0.0005017365702283377,0.019385753497907058,0.019385753497907058
desc_sources,-0.003490257494727228,0.019243533341298576,-0.010911812426087564,0.019243533341298576
feat_color3_hot_pink,0.010674791495498472,-0.01874638748804412,0.0033262554064710766,0.01874638748804412
desc_warning br,-0.018189946438726668,0.010473331424649812,0.003932277635286691,0.018189946438726668
feat_color3_sky_blue,0.006878050878244095,-0.018105566509638765,0.010459240237607297,0.018105566509638765
desc_items,-0.01572593055666197,-0.001001206944715956,0.01773522978875237,0.01773522978875237
desc_product br,-0.012776451960317556,0.00042851423485709385,0.017433910497495885,0.017433910497495885
desc_directions,-0.0002030409550777398,0.015545453274803386,-0.017394852345031356,0.017394852345031356
desc_avoid contact,-0.008251607195197148,0.017350957733105018,-0.006026890698534287,0.017350957733105018
desc_warnings,-0.01723414670284442,0.002837228702590926,0.009123262981752853,0.01723414670284442
desc_applicable non,-0.017145704331661186,0.0021404194908186906,0.00921379409755355,0.017145704331661186
desc_non food,-0.017145704331661186,0.0021404194908186906,0.00921379409755355,0.017145704331661186
desc_products pet,-0.017145704331661186,0.0021404194908186906,0.00921379409755355,0.017145704331661186
desc_food products,-0.017145704331661186,0.0021404194908186906,0.00921379409755355,0.017145704331661186
desc_day applicable,-0.017145704331661186,0.0021404194908186906,0.00921379409755355,0.017145704331661186
desc_food note,-0.017145704331661186,0.0021404194908186906,0.00921379409755355,0.017145704331661186
desc_br origin,-0.01703748476957641,0.013439345847209615,0.0029849316112747107,0.01703748476957641
desc_eye,0.01675195224729242,-0.0017302849260804793,-0.016995810654940175,0.016995810654940175
feat_color2_sky_blue,-0.0003612216469904088,-0.013449364457478533,0.01693569434643975,0.01693569434643975
desc_manufacturer,-0.01477949326963041,-0.0010695974214270235,0.01683564869389619,0.01683564869389619
desc_page,-0.01650899811449014,0.004056833222672199,0.006884227925144755,0.01650899811449014
desc_direct,-0.004217320162689279,-0.00914266763910614,0.016452291755732613,0.016452291755732613
desc_area,0.004823354517428361,-0.016390124587297595,0.008639922001845914,0.016390124587297595
desc_kingdom brand,-0.009169459950250201,0.01631903905429839,-0.002047962319949958,0.01631903905429839
desc_images,-0.016252710462140486,0.0007812374641898077,0.010174015219901734,0.016252710462140486
desc_handle,-0.0008734940712934733,0.016239667047365455,-0.013229754679579115,0.016239667047365455
desc_stop,-2.9709747639717588e-05,-0.015987049409735332,0.016008678485420803,0.016008678485420803
desc_children br,0.015892969174987073,-0.008025322473468287,-0.002246534888291395,0.015892969174987073
desc_box manufacturer,0.007652348008608306,0.004647883039298771,-0.015835844175490773,0.015835844175490773
feat_color1_orange,-0.0020992524731146436,-0.00829974667885716,0.015716918056650542,0.015716918056650542
desc_website information,-0.015605550351901485,0.0036080836488687536,0.0068222205360513695,0.015605550351901485
desc_purposes,-0.01533988945240329,0.0,0.013277907505369339,0.01533988945240329
desc_instantly,0.015206333122709451,-0.00549515649670412,-0.005460903073336648,0.015206333122709451
desc_dermatologically tested,-0.013177127751414944,0.015110793512870833,-0.0012098671223783808,0.015110793512870833
feat_color1_red,-0.00819401101543268,0.014653999678037407,-0.0021511546227157632,0.014653999678037407
feat_color2_olive,-0.010710827150935756,0.014287015266431502,-0.0002096328239044941,0.014287015266431502
desc_safety warning,-0.014168986614044707,0.014184761363531077,0.00020339440380806438,0.014184761363531077
bc_greeting cards,0.00942594504467263,-0.014070951360637183,0.00813493669423852,0.014070951360637183
bc_greeting,0.00942594504467263,-0.014070951360637183,0.00813493669423852,0.014070951360637183
desc_shopping,-0.014024508586566035,0.0,0.010578023732493618,0.014024508586566035
feat_color3_crimson,0.0016609828461220206,-0.013652360854076102,0.010413421289190341,0.013652360854076102
desc_allergy,-0.013530763731284558,0.0058647278787179085,0.0031463887650448725,0.013530763731284558
desc_content,-0.013447979887939405,0.0008580119049832065,0.009067154739000391,0.013447979887939405
desc_prepare,-0.012769689485347123,0.006144230284113096,0.002524685444043731,0.012769689485347123
feat_color2_dark_red,-0.010617314826594778,0.0,0.012757210466215108,0.012757210466215108
desc_br uk,-0.010054430175345689,0.012741508110749436,-0.0013473262764974996,0.012741508110749436
desc_contact eyes,-0.008793676125399932,0.012553972105391276,-0.004068465963672141,0.012553972105391276
desc_change,-0.0021887484038350604,-0.008068423894437057,0.012514956559484775,0.012514956559484775
desc_subject,-0.012467551841582868,0.0,0.010889131005593668,0.012467551841582868
desc_reading,-0.012443956528625018,0.0008662564399790361,0.0080013142901812,0.012443956528625018
desc_furtherdescription,0.0035033485353365705,-0.012076101032121601,0.00508128613305343,0.012076101032121601
desc_labels,-0.011917032531080906,0.0003664387762825737,0.008221817826487114,0.011917032531080906
desc_br adults,-0.011844269101967599,0.0,0.01046113700164018,0.011844269101967599
desc_allergens,-0.01181552523119942,0.0,0.009895796372555058,0.01181552523119942
feat_color2_orange,-0.001964767303348065,-0.007301983980254783,0.01175468000463361,0.01175468000463361
desc_preparing,-0.011724965713239372,0.002168550225600086,0.0061074068089966614,0.011724965713239372
feat_color3_purple,-0.009280265260118907,-0.00034929546186885166,0.0115851083542854,0.0115851083542854
desc_picture,-0.01152069770973027,0.0,0.009134060732090055,0.01152069770973027
desc_adults,-0.0022304364964487516,-0.006384381875075549,0.011249604010612084,0.011249604010612084
desc_pet food,0.01096785843381184,-0.00260743919873621,-0.006418056815199542,0.01096785843381184
desc_information product,-0.010754482829468982,0.0,0.00842107598286886,0.010754482829468982
desc_safety warnings,-0.010551121549341784,0.0008650330028858227,0.006966233987190797,0.010551121549341784
desc_effective,-0.0001416284208625789,-0.010212326564596539,0.010431584023476666,0.010431584023476666
feat_unit_price,-0.003732384938295503,-3.477278570516466e-05,0.010336862737580907,0.010336862737580907
desc_storage information,-0.010224285766574187,9.573457314510046e-05,0.007654072968741317,0.010224285766574187
feat_color2_gray,0.005352247255478097,-0.010164771870539036,0.0012406196859330474,0.010164771870539036
feat_color1_violet,0.0033177537951941402,-0.010122414853544686,0.00566710175593612,0.010122414853544686
desc_based,-0.009940449614374439,0.004440657105892945,0.003565777896999723,0.009940449614374439
desc_use reproduced,-0.009918611644807137,0.0002551002953895569,0.007287997662574448,0.009918611644807137
desc_food table,-0.009918611644807137,0.0002551002953895569,0.007287997662574448,0.009918611644807137
desc_check labels,-0.009918611644807137,0.0002551002953895569,0.007287997662574448,0.009918611644807137
desc_use description,-0.009918611644807137,0.0002551002953895569,0.007287997662574448,0.009918611644807137
desc_believe accurate,-0.009918611644807137,0.0002551002953895569,0.007287997662574448,0.009918611644807137
desc_images serving,-0.009918611644807137,0.0002551002953895569,0.007287997662574448,0.009918611644807137
desc_important check,-0.009918611644807137,0.0002551002953895569,0.007287997662574448,0.009918611644807137
desc_allergy advice,-0.009918611644807137,0.0002551002953895569,0.007287997662574448,0.009918611644807137
desc_included data,-0.009918611644807137,0.0002551002953895569,0.007287997662574448,0.009918611644807137
desc_information purposes,-0.009918611644807137,0.0002551002953895569,0.007287997662574448,0.009918611644807137
desc_ingredients allergens,-0.009918611644807137,0.0002551002953895569,0.007287997662574448,0.009918611644807137
desc_ingredients pictured,-0.009918611644807137,0.0002551002953895569,0.007287997662574448,0.009918611644807137
desc_include ingredients,-0.009918611644807137,0.0002551002953895569,0.007287997662574448,0.009918611644807137
desc_rd party,-0.009918611644807137,0.0002551002953895569,0.007287997662574448,0.009918611644807137
desc_experience website,-0.009918611644807137,0.0002551002953895569,0.007287997662574448,0.009918611644807137
desc_website taken,-0.009918611644807137,0.0002551002953895569,0.007287997662574448,0.009918611644807137
desc_content important,-0.009918611644807137,0.0002551002953895569,0.007287997662574448,0.009918611644807137
desc_change include,-0.009918611644807137,0.0002551002953895569,0.007287997662574448,0.009918611644807137
desc_care preparing,-0.009918611644807137,0.0002551002953895569,0.007287997662574448,0.009918611644807137
desc_contents rd,-0.009918611644807137,0.0002551002953895569,0.007287997662574448,0.009918611644807137
desc_control liability,-0.009918611644807137,0.0002551002953895569,0.007287997662574448,0.009918611644807137
desc_data supplied,-0.009918611644807137,0.0002551002953895569,0.007287997662574448,0.009918611644807137
desc_delivery page,-0.009918611644807137,0.0002551002953895569,0.007287997662574448,0.009918611644807137
desc_whatsoever wm,-0.009918611644807137,0.0002551002953895569,0.007287997662574448,0.009918611644807137
desc_whatsoever,-0.009918611644807137,0.0002551002953895569,0.007287997662574448,0.009918611644807137
desc_website note,-0.009918611644807137,0.0002551002953895569,0.007287997662574448,0.009918611644807137
desc_enhance shopping,-0.009918611644807137,0.0002551002953895569,0.007287997662574448,0.009918611644807137
desc_consent acknowledgement,-0.009918611644807137,0.0002551002953895569,0.007287997662574448,0.009918611644807137
desc_taken care,-0.009918611644807137,0.0002551002953895569,0.007287997662574448,0.009918611644807137
desc_way whatsoever,-0.009918611644807137,0.0002551002953895569,0.007287997662574448,0.009918611644807137
desc_description,-0.009918611644807137,0.0002551002953895569,0.007287997662574448,0.009918611644807137
desc_description contains,-0.009918611644807137,0.0002551002953895569,0.007287997662574448,0.009918611644807137
desc_contains link,-0.009918611644807137,0.0002551002953895569,0.007287997662574448,0.009918611644807137
desc_designed enhance,-0.009918611644807137,0.0002551002953895569,0.007287997662574448,0.009918611644807137
desc_disclaimer,-0.009918611644807137,0.0002551002953895569,0.007287997662574448,0.009918611644807137
desc_disclaimer br,-0.009918611644807137,0.0002551002953895569,0.007287997662574448,0.009918611644807137
desc_warnings cooking,-0.009918611644807137,0.0002551002953895569,0.007287997662574448,0.009918611644807137
desc_label prior,-0.009918611644807137,0.0002551002953895569,0.007287997662574448,0.009918611644807137
desc_allergens nutrition,-0.009918611644807137,0.0002551002953895569,0.007287997662574448,0.009918611644807137
desc_alcohol content,-0.009918611644807137,0.0002551002953895569,0.007287997662574448,0.009918611644807137
desc_packaging label,-0.009918611644807137,0.0002551002953895569,0.007287997662574448,0.009918611644807137
desc_page serves,-0.009918611644807137,0.0002551002953895569,0.007287997662574448,0.009918611644807137
desc_adults need,-0.009918611644807137,0.0002551002953895569,0.007287997662574448,0.009918611644807137
desc_personal use,-0.009918611644807137,0.0002551002953895569,0.007287997662574448,0.009918611644807137
desc_picture images,-0.009918611644807137,0.0002551002953895569,0.007287997662574448,0.009918611644807137
desc_pictured,-0.009918611644807137,0.0002551002953895569,0.007287997662574448,0.009918611644807137
desc_pictured product,-0.009918611644807137,0.0002551002953895569,0.007287997662574448,0.009918611644807137
desc_shopping experience,-0.009918611644807137,0.0002551002953895569,0.007287997662574448,0.009918611644807137
desc_additional items,-0.009918611644807137,0.0002551002953895569,0.007287997662574448,0.009918611644807137
desc_acknowledgement,-0.009918611644807137,0.0002551002953895569,0.007287997662574448,0.009918611644807137
desc_serving suggestions,-0.009918611644807137,0.0002551002953895569,0.007287997662574448,0.009918611644807137
desc_preparing summary,-0.009918611644807137,0.0002551002953895569,0.007287997662574448,0.009918611644807137
desc_serves summary,-0.009918611644807137,0.0002551002953895569,0.007287997662574448,0.009918611644807137
desc_prior consent,-0.009918611644807137,0.0002551002953895569,0.007287997662574448,0.009918611644807137
desc_prior use,-0.009918611644807137,0.0002551002953895569,0.007287997662574448,0.009918611644807137
desc_accurate substitute,-0.009918611644807137,0.0002551002953895569,0.007287997662574448,0.009918611644807137
desc_accessories additional,-0.009918611644807137,0.0002551002953895569,0.007287997662574448,0.009918611644807137
desc_product note,-0.009918611644807137,0.0002551002953895569,0.007287997662574448,0.009918611644807137
desc_product purchasing,-0.009918611644807137,0.0002551002953895569,0.007287997662574448,0.009918611644807137
desc_products subject,-0.009918611644807137,0.0002551002953895569,0.007287997662574448,0.009918611644807137
desc_reproduced way,-0.009918611644807137,0.0002551002953895569,0.007287997662574448,0.009918611644807137
desc_reproduced,-0.009918611644807137,0.0002551002953895569,0.007287997662574448,0.009918611644807137
desc_products supplied,-0.009918611644807137,0.0002551002953895569,0.007287997662574448,0.009918611644807137
desc_purchasing,-0.009918611644807137,0.0002551002953895569,0.007287997662574448,0.009918611644807137
desc_purchasing included,-0.009918611644807137,0.0002551002953895569,0.007287997662574448,0.009918611644807137
desc_reading product,-0.009918611644807137,0.0002551002953895569,0.007287997662574448,0.009918611644807137
desc_purposes designed,-0.009918611644807137,0.0002551002953895569,0.007287997662574448,0.009918611644807137
desc_table accessories,-0.009918611644807137,0.0002551002953895569,0.007287997662574448,0.009918611644807137
desc_advice products,-0.009918611644807137,0.0002551002953895569,0.007287997662574448,0.009918611644807137
desc_nutrition storage,-0.009918611644807137,0.0002551002953895569,0.007287997662574448,0.009918611644807137
desc_suggestions prepare,-0.009918611644807137,0.0002551002953895569,0.007287997662574448,0.009918611644807137
desc_instructions alcohol,-0.009918611644807137,0.0002551002953895569,0.007287997662574448,0.009918611644807137
desc_items ingredients,-0.009918611644807137,0.0002551002953895569,0.007287997662574448,0.009918611644807137
desc_kcals,-0.009918611644807137,0.0002551002953895569,0.007287997662574448,0.009918611644807137
desc_kcals day,-0.009918611644807137,0.0002551002953895569,0.007287997662574448,0.009918611644807137
desc_supplied personal,-0.009918611644807137,0.0002551002953895569,0.007287997662574448,0.009918611644807137
desc_supplied delivery,-0.009918611644807137,0.0002551002953895569,0.007287997662574448,0.009918611644807137
desc_labels allergy,-0.009918611644807137,0.0002551002953895569,0.007287997662574448,0.009918611644807137
desc_liability,-0.009918611644807137,0.0002551002953895569,0.007287997662574448,0.009918611644807137
desc_liability contents,-0.009918611644807137,0.0002551002953895569,0.007287997662574448,0.009918611644807137
desc_summary information,-0.009918611644807137,0.0002551002953895569,0.007287997662574448,0.009918611644807137
desc_summary believe,-0.009918611644807137,0.0002551002953895569,0.007287997662574448,0.009918611644807137
desc_limited control,-0.009918611644807137,0.0002551002953895569,0.007287997662574448,0.009918611644807137
desc_limited prior,-0.009918611644807137,0.0002551002953895569,0.007287997662574448,0.009918611644807137
desc_consent,-0.009918611644807137,0.0002551002953895569,0.007287997662574448,0.009918611644807137
desc_link,-0.009918611644807137,0.0002551002953895569,0.007287997662574448,0.009918611644807137
desc_need kcals,-0.009918611644807137,0.0002551002953895569,0.007287997662574448,0.009918611644807137
desc_note wm,-0.009918611644807137,0.0002551002953895569,0.007287997662574448,0.009918611644807137
desc_suggestions,-0.009918611644807137,0.0002551002953895569,0.007287997662574448,0.009918611644807137
desc_note products,-0.009918611644807137,0.0002551002953895569,0.007287997662574448,0.009918611644807137
desc_substitute reading,-0.009918611644807137,0.0002551002953895569,0.007287997662574448,0.009918611644807137
desc_subject change,-0.009918611644807137,0.0002551002953895569,0.007287997662574448,0.009918611644807137
desc_note picture,-0.009918611644807137,0.0002551002953895569,0.007287997662574448,0.009918611644807137
desc_link party,-0.009918611644807137,0.0002551002953895569,0.007287997662574448,0.009918611644807137
feat_color3_lime,-0.008402759901054479,0.009816780994401173,-0.00012848918607414166,0.009816780994401173
desc_delivery,-0.009774669564230625,0.0,0.0079513751564878,0.009774669564230625
feat_color2_cyan,-0.003837186379168635,-0.0040614333645662415,0.009756686162873549,0.009756686162873549
desc_best end,-0.009666260937560166,0.006796510688166577,0.003966309836400151,0.009666260937560166
desc_otherinformation safety,-0.009637369156871493,0.007571385661122332,0.002981797857408025,0.009637369156871493
feat_color2_green,0.009369095652443855,-0.0011587814906933052,-0.006289530077636462,0.009369095652443855
desc_sunlight,-0.00933233098493879,0.0013983342288557148,0.0060622970807359,0.00933233098493879
desc_brandmarketing,-0.008168437654705733,0.00924015013020259,-0.00035057021155899827,0.00924015013020259
feat_color1_green,0.0008200415885790033,0.007088939700225334,-0.009083064761471407,0.009083064761471407
feat_color3_navy,0.0,0.008960210586583106,-0.008153415050426072,0.008960210586583106
desc_information safety,-0.008783819486712911,9.129992576976922e-05,0.006678437162548556,0.008783819486712911
desc_rd,-0.00869670959939419,0.0,0.007190354102794563,0.00869670959939419
bc_bc greeting,0.008500877154205106,-0.0039963804000273905,-0.003266048407312779,0.008500877154205106
desc_check,-0.00686732436681237,-0.0007861351834893395,0.008395355990714438,0.008395355990714438
feat_color1_cyan,0.00832926773256248,-0.006220277791234736,-0.00022969439530994611,0.00832926773256248
desc_contents,-0.002863042629242258,-0.003073335067892893,0.008275843357153607,0.008275843357153607
desc_br use,0.002360890648768732,0.0036034630237041358,-0.007877900130010797,0.007877900130010797
desc_eu,-0.0012272347875085033,0.007810564973090179,-0.00537150695829143,0.007810564973090179
desc_range,0.0032114822743893423,0.005852694074416066,-0.007654145518451001,0.007654145518451001
desc_product packaging,-0.007599528141481151,0.0,0.006446144067990752,0.007599528141481151
desc_prepare food,-0.0075897935184099635,0.0,0.00595648663501971,0.0075897935184099635
desc_preparationandusage directions,0.0,0.007529665126098073,-0.006559026233868403,0.007529665126098073
desc_cooking instructions,-0.007475139175651771,0.0,0.007271243836264836,0.007475139175651771
desc_br safety,-0.004954419823583074,0.007428567980696088,-0.0017295596916929066,0.007428567980696088
desc_personal,-0.007062199053819123,0.001229423098973239,0.0036391023384917363,0.007062199053819123
feat_color2_coral,-0.0033550100075413845,0.006924079964802289,-0.002577254230204442,0.006924079964802289
desc_com br,-0.0022898598576101994,0.006809813252793078,-0.0019478037653195203,0.006809813252793078
desc_taken,-0.006604075026017372,0.004815873977532994,0.0002966840070017629,0.006604075026017372
feat_color2_purple,0.0,-0.006485289191273491,0.0065043122910202105,0.0065043122910202105
desc_hot,0.002102586518378506,-0.006476574731748,0.004351955128259705,0.006476574731748
desc_br best,0.006378152993688391,-0.000276605887295577,-0.005308034179635052,0.006378152993688391
desc_acknowledgement preparationandusage,0.006171412493499109,-0.001572868999872521,-0.003296922453354598,0.006171412493499109
desc_importer br,-0.006097582005696799,0.005694285681613098,0.0,0.006097582005696799
desc_importer,-0.006097582005696799,0.005694285681613098,0.0,0.006097582005696799
feat_color3_pink,0.0006083513402477327,-0.005978746984462516,0.003341425098697632,0.005978746984462516
desc_thoroughly,-0.004845676666128043,-0.0010449080315349684,0.005874290492228594,0.005874290492228594
feat_color2_white,-0.0020463914289607084,0.005600596597175539,-0.0018290939404571492,0.005600596597175539
desc_date,0.005600474529033414,-0.0041406418841090226,-0.002391803377119539,0.005600474529033414
desc_limited br,0.0,0.004400043341903034,-0.005489955834205623,0.005489955834205623
feat_color3_salmon,0.005430753499345603,-0.0025094984765404397,-0.00212287335238189,0.005430753499345603
desc_br disclaimer,-0.005346332659228072,0.0022924197302062045,0.0011868306848661842,0.005346332659228072
desc_preparationandusage,0.005272426007936116,-0.0015791730760926878,-0.002428694117848259,0.005272426007936116
feat_color3_red,-0.0052322048496642685,0.001467189173658505,0.0025535742100146583,0.0052322048496642685
desc_procter,0.0,0.004834299440263091,-0.003935439013295288,0.004834299440263091
desc_procter gamble,0.0,0.004834299440263091,-0.003935439013295288,0.004834299440263091
desc_gamble,0.0,0.004834299440263091,-0.003935439013295288,0.004834299440263091
desc_important,0.0,0.0047972541838815245,-0.003839476706943559,0.0047972541838815245
desc_otherinformation,-0.004695370047310226,0.0010236610222933143,0.0020411506505848788,0.004695370047310226
desc_additional,-0.00468845319300606,0.004258579252416396,0.0,0.00468845319300606
desc_br importer,-0.0039059540572997787,0.004636159616199447,0.0,0.004636159616199447
feat_color3_olive,-0.0014204119080696584,-0.0013615856794991024,0.004586377808232805,0.004586377808232805
desc_packagetype box,-0.003944574461710517,0.004420952041126909,0.0,0.004420952041126909
feat_color1_white,-0.0016752063906473917,-0.0009546879093340395,0.004377678920552891,0.004377678920552891
desc_gently,0.002102873132376838,-0.00425447667989644,0.001662233358327329,0.00425447667989644
desc_com,0.0022897511690710506,0.001344726338011848,-0.0040949570317754536,0.0040949570317754536
feat_color3_green,0.004091608647514922,0.0,-0.00272998970417018,0.004091608647514922
desc_br store,-0.0002990726346349655,0.003978282020939071,-0.0028231717262597977,0.003978282020939071
desc_age,0.002947946207447679,-0.00396324354754102,0.0,0.00396324354754102
feat_color3_orange,-0.003177221751030551,0.0,0.003828302025543155,0.003828302025543155
feat_color3_khaki,0.0036914506680517443,-0.001597099614776505,-0.0014176239189504507,0.0036914506680517443
feat_color1_olive,-0.0008874307317241009,-0.0010199268431135425,0.0036324688029990915,0.0036324688029990915
desc_vs,-0.0036225352872375316,0.0025092474904286886,0.0009190659402033585,0.0036225352872375316
desc_water,0.003206483050440118,0.00019963107967802614,-0.0010855095971081168,0.003206483050440118
feat_color3_gold,0.0028730252677252426,-0.00019715584868586008,-0.001028927876268422,0.0028730252677252426
desc_br www,6.2702038594184625e-06,0.0027597646335283505,-0.0023260652251867603,0.0027597646335283505
feat_color2_violet,-0.0011743649662381162,0.0025447622577924453,0.0,0.0025447622577924453
feat_color3_coral,0.0,-0.0012031479834350288,0.0024820730543287668,0.0024820730543287668
desc_feeding,0.0,-0.002447995689141344,0.0007793004731658452,0.002447995689141344
feat_color3_dark_red,-0.002220923184589587,0.0,0.0023759537435351216,0.0023759537435351216
feat_color3_royal_blue,0.0,0.0012143012496532797,-0.0014144648019292153,0.0014144648019292153
desc_poland,-0.0004967399476316508,0.0013990021453732608,-0.0006095026515185555,0.0013990021453732608
feat_color3_cyan,-0.0002243019646022797,0.0,0.0010725881822012458,0.0010725881822012458
desc_substitute,-0.0008164871308908725,0.0006923680596562304,0.0,0.0008164871308908725
feat_color2_red,-0.00017208014816616745,0.0,0.0006352713517281814,0.0006352713517281814
desc_work,0.00018727335339877957,-0.00027911386254731346,-0.00026357053919260937,0.00027911386254731346
desc_storage store,0.0,0.00011396861707800693,-0.000143331454411208,0.000143331454411208
feat_color1_yellow,0.0,0.0,0.0,0.0
feat_color2_blue,0.0,0.0,0.0,0.0
store_3,0.0,0.0,0.0,0.0
feat_color1_blue,0.0,0.0,0.0,0.0
feat_color3_yellow,0.0,0.0,0.0,0.0
feat_color2_yellow,0.0,0.0,0.0,0.0
feat_color3_blue,0.0,0.0,0.0,0.0
feat_color1_magenta,0.0,0.0,0.0,0.0
feat_color2_magenta,0.0,0.0,0.0,0.0
feat_color3_magenta,0.0,0.0,0.0,0.0
feat_color3_violet,0.0,0.0,0.0,0.0
feat_color3_white,0.0,0.0,0.0,0.0
